Year;Month;NotSeasonallyAdjusted_1;SeasonallyAdjusted_2;NotSeasonallyAdjusted_3;SeasonallyAdjusted_4;NotSeasonallyAdjusted_5;SeasonallyAdjusted_6;NotSeasonallyAdjusted_7;SeasonallyAdjusted_8;NotSeasonallyAdjusted_9;SeasonallyAdjusted_10;NotSeasonallyAdjusted_11;SeasonallyAdjusted_12;NotSeasonallyAdjusted_13;SeasonallyAdjusted_14
2003;1;8389;8439;7916;7993;473;446;     5.6;     5.3;3707;3658;    69.4;    69.8;    65.4;    66.1
2003;2;8450;8444;7958;7991;493;453;     5.8;     5.4;3650;3656;    69.8;    69.8;    65.8;    66.0
2003;3;8449;8440;7947;7971;502;470;     5.9;     5.6;3655;3664;    69.8;    69.7;    65.7;    65.9
2003;4;8386;8447;7904;7963;483;484;     5.8;     5.7;3721;3661;    69.3;    69.8;    65.3;    65.8
2003;5;8460;8458;7976;7964;484;494;     5.7;     5.8;3651;3653;    69.9;    69.8;    65.9;    65.8
2003;6;8473;8451;7969;7950;505;501;     6.0;     5.9;3641;3664;    69.9;    69.8;    65.8;    65.6
2003;7;8465;8463;7991;7957;474;505;     5.6;     6.0;3653;3656;    69.9;    69.8;    65.9;    65.7
2003;8;8504;8471;8009;7958;495;513;     5.8;     6.1;3618;3651;    70.2;    69.9;    66.1;    65.6
2003;9;8449;8458;7931;7937;518;521;     6.1;     6.2;3676;3667;    69.7;    69.8;    65.4;    65.5
2003;10;8462;8469;7939;7940;523;529;     6.2;     6.2;3667;3660;    69.8;    69.8;    65.5;    65.5
2003;11;8495;8467;7955;7930;539;538;     6.3;     6.4;3637;3665;    70.0;    69.8;    65.6;    65.4
2003;12;8435;8461;7919;7912;516;548;     6.1;     6.5;3700;3675;    69.5;    69.7;    65.3;    65.2
2004;1;8446;8475;7867;7921;580;555;     6.9;     6.5;3693;3664;    69.6;    69.8;    64.8;    65.3
2004;2;8493;8479;7906;7923;587;556;     6.9;     6.6;3649;3663;    70.0;    69.8;    65.1;    65.3
2004;3;8484;8481;7882;7914;602;567;     7.1;     6.7;3661;3664;    69.9;    69.8;    64.9;    65.2
2004;4;8464;8505;7872;7918;591;586;     7.0;     6.9;3684;3643;    69.7;    70.0;    64.8;    65.2
2004;5;8531;8515;7948;7921;583;594;     6.8;     7.0;3620;3636;    70.2;    70.1;    65.4;    65.2
2004;6;8518;8507;7929;7918;589;589;     6.9;     6.9;3636;3647;    70.1;    70.0;    65.2;    65.1
2004;7;8536;8516;7996;7940;540;576;     6.3;     6.8;3621;3641;    70.2;    70.0;    65.8;    65.3
2004;8;8523;8495;7973;7925;550;570;     6.5;     6.7;3636;3665;    70.1;    69.9;    65.6;    65.2
2004;9;8473;8493;7910;7923;563;570;     6.6;     6.7;3690;3670;    69.7;    69.8;    65.0;    65.1
2004;10;8513;8511;7937;7931;576;580;     6.8;     6.8;3653;3655;    70.0;    70.0;    65.2;    65.2
2004;11;8536;8515;7955;7934;581;581;     6.8;     6.8;3633;3654;    70.1;    70.0;    65.4;    65.2
2004;12;8502;8531;7934;7935;568;596;     6.7;     7.0;3670;3641;    69.8;    70.1;    65.2;    65.2
2005;1;8496;8528;7877;7932;619;596;     7.3;     7.0;3679;3647;    69.8;    70.0;    64.7;    65.1
2005;2;8556;8542;7911;7931;645;612;     7.5;     7.2;3622;3635;    70.3;    70.1;    65.0;    65.1
2005;3;8569;8557;7920;7945;648;611;     7.6;     7.1;3611;3624;    70.4;    70.2;    65.0;    65.2
2005;4;8548;8579;7932;7968;616;611;     7.2;     7.1;3635;3604;    70.2;    70.4;    65.1;    65.4
2005;5;8604;8584;7994;7970;610;614;     7.1;     7.2;3581;3601;    70.6;    70.4;    65.6;    65.4
2005;6;8597;8586;7997;7985;600;601;     7.0;     7.0;3592;3603;    70.5;    70.4;    65.6;    65.5
2005;7;8588;8571;8028;7973;560;599;     6.5;     7.0;3603;3620;    70.4;    70.3;    65.8;    65.4
2005;8;8601;8576;8034;7986;567;590;     6.6;     6.9;3593;3618;    70.5;    70.3;    65.9;    65.5
2005;9;8586;8601;8003;8009;583;592;     6.8;     6.9;3611;3595;    70.4;    70.5;    65.6;    65.7
2005;10;8607;8610;8021;8018;586;592;     6.8;     6.9;3593;3589;    70.6;    70.6;    65.7;    65.7
2005;11;8620;8609;8039;8023;581;586;     6.7;     6.8;3582;3594;    70.6;    70.5;    65.9;    65.8
2005;12;8586;8616;8034;8035;552;582;     6.4;     6.8;3619;3589;    70.4;    70.6;    65.8;    65.8
2006;1;8574;8614;7994;8050;580;563;     6.8;     6.5;3634;3594;    70.2;    70.6;    65.5;    65.9
2006;2;8606;8605;8011;8045;595;560;     6.9;     6.5;3604;3605;    70.5;    70.5;    65.6;    65.9
2006;3;8619;8604;8039;8061;580;544;     6.7;     6.3;3593;3608;    70.6;    70.5;    65.8;    66.0
2006;4;8575;8605;8038;8074;537;532;     6.3;     6.2;3639;3609;    70.2;    70.5;    65.8;    66.1
2006;5;8600;8590;8069;8059;530;530;     6.2;     6.2;3617;3627;    70.4;    70.3;    66.0;    66.0
2006;6;8630;8609;8120;8095;511;514;     5.9;     6.0;3589;3610;    70.6;    70.5;    66.4;    66.2
2006;7;8629;8611;8147;8095;482;516;     5.6;     6.0;3592;3611;    70.6;    70.5;    66.7;    66.2
2006;8;8637;8619;8154;8113;483;506;     5.6;     5.9;3587;3605;    70.7;    70.5;    66.7;    66.4
2006;9;8635;8638;8134;8132;500;506;     5.8;     5.9;3592;3588;    70.6;    70.7;    66.5;    66.5
2006;10;8670;8660;8159;8151;511;509;     5.9;     5.9;3559;3569;    70.9;    70.8;    66.7;    66.7
2006;11;8709;8687;8195;8175;514;512;     5.9;     5.9;3523;3544;    71.2;    71.0;    67.0;    66.8
2006;12;8685;8706;8212;8204;473;502;     5.4;     5.8;3549;3527;    71.0;    71.2;    67.1;    67.1
2007;1;8683;8718;8167;8222;517;496;     6.0;     5.7;3553;3518;    71.0;    71.2;    66.7;    67.2
2007;2;8744;8737;8204;8239;539;498;     6.2;     5.7;3497;3503;    71.4;    71.4;    67.0;    67.3
2007;3;8776;8757;8266;8278;511;480;     5.8;     5.5;3468;3487;    71.7;    71.5;    67.5;    67.6
2007;4;8740;8773;8270;8306;470;467;     5.4;     5.3;3508;3475;    71.4;    71.6;    67.5;    67.8
2007;5;8770;8768;8300;8302;470;466;     5.4;     5.3;3482;3483;    71.6;    71.6;    67.7;    67.8
2007;6;8833;8804;8383;8346;451;458;     5.1;     5.2;3422;3451;    72.1;    71.8;    68.4;    68.1
2007;7;8816;8808;8378;8337;439;471;     5.0;     5.3;3442;3451;    71.9;    71.8;    68.3;    68.0
2007;8;8837;8829;8409;8371;428;458;     4.8;     5.2;3426;3434;    72.1;    72.0;    68.6;    68.3
2007;9;8832;8839;8384;8383;448;456;     5.1;     5.2;3434;3428;    72.0;    72.1;    68.3;    68.3
2007;10;8850;8849;8397;8398;453;451;     5.1;     5.1;3420;3421;    72.1;    72.1;    68.4;    68.4
2007;11;8855;8844;8406;8397;449;447;     5.1;     5.1;3419;3430;    72.1;    72.1;    68.5;    68.4
2007;12;8829;8851;8414;8407;415;444;     4.7;     5.0;3448;3427;    71.9;    72.1;    68.5;    68.5
2008;1;8851;8882;8388;8441;463;441;     5.2;     5.0;3431;3400;    72.1;    72.3;    68.3;    68.7
2008;2;8902;8897;8444;8476;457;420;     5.1;     4.7;3386;3392;    72.4;    72.4;    68.7;    69.0
2008;3;8924;8906;8470;8485;454;420;     5.1;     4.7;3370;3389;    72.6;    72.4;    68.9;    69.0
2008;4;8922;8944;8484;8513;437;431;     4.9;     4.8;3378;3356;    72.5;    72.7;    69.0;    69.2
2008;5;8948;8948;8514;8517;434;431;     4.8;     4.8;3358;3358;    72.7;    72.7;    69.2;    69.2
2008;6;8987;8957;8563;8526;423;431;     4.7;     4.8;3326;3356;    73.0;    72.7;    69.6;    69.2
2008;7;8967;8957;8575;8534;392;423;     4.4;     4.7;3351;3361;    72.8;    72.7;    69.6;    69.3
2008;8;8969;8961;8581;8543;388;418;     4.3;     4.7;3355;3363;    72.8;    72.7;    69.6;    69.3
2008;9;8959;8968;8535;8541;424;427;     4.7;     4.8;3371;3362;    72.7;    72.7;    69.2;    69.3
2008;10;8985;8983;8562;8560;423;423;     4.7;     4.7;3351;3353;    72.8;    72.8;    69.4;    69.4
2008;11;9003;8995;8580;8574;423;421;     4.7;     4.7;3339;3347;    72.9;    72.9;    69.5;    69.5
2008;12;8978;9004;8573;8574;405;429;     4.5;     4.8;3370;3344;    72.7;    72.9;    69.4;    69.4
2009;1;8999;9029;8543;8594;456;434;     5.1;     4.8;3353;3324;    72.9;    73.1;    69.2;    69.6
2009;2;9053;9047;8574;8603;479;444;     5.3;     4.9;3304;3309;    73.3;    73.2;    69.4;    69.6
2009;3;9058;9048;8578;8600;480;449;     5.3;     5.0;3302;3311;    73.3;    73.2;    69.4;    69.6
2009;4;9018;9040;8536;8569;482;471;     5.3;     5.2;3345;3323;    72.9;    73.1;    69.0;    69.3
2009;5;9033;9032;8558;8558;474;473;     5.3;     5.2;3334;3335;    73.0;    73.0;    69.2;    69.2
2009;6;9045;9019;8575;8542;470;477;     5.2;     5.3;3325;3351;    73.1;    72.9;    69.3;    69.1
2009;7;9026;9016;8556;8519;470;497;     5.2;     5.5;3347;3357;    72.9;    72.9;    69.2;    68.8
2009;8;9013;9007;8539;8502;474;505;     5.3;     5.6;3364;3369;    72.8;    72.8;    69.0;    68.7
2009;9;8999;9008;8486;8492;513;516;     5.7;     5.7;3381;3373;    72.7;    72.8;    68.5;    68.6
2009;10;8988;8994;8474;8476;515;518;     5.7;     5.8;3395;3390;    72.6;    72.6;    68.4;    68.4
2009;11;8993;8987;8459;8454;534;533;     5.9;     5.9;3394;3400;    72.6;    72.6;    68.3;    68.3
2009;12;8975;8995;8455;8449;520;545;     5.8;     6.1;3416;3395;    72.4;    72.6;    68.2;    68.2
2010;1;8969;8996;8389;8436;581;560;     6.5;     6.2;3424;3398;    72.4;    72.6;    67.7;    68.1
2010;2;8983;8981;8399;8425;584;555;     6.5;     6.2;3414;3416;    72.5;    72.4;    67.8;    68.0
2010;3;8975;8964;8389;8407;586;556;     6.5;     6.2;3426;3437;    72.4;    72.3;    67.7;    67.8
2010;4;8966;8980;8409;8432;557;547;     6.2;     6.1;3438;3424;    72.3;    72.4;    67.8;    68.0
2010;5;9000;8993;8449;8443;551;550;     6.1;     6.1;3407;3415;    72.5;    72.5;    68.1;    68.0
2010;6;9005;8983;8461;8430;543;553;     6.0;     6.2;3406;3427;    72.6;    72.4;    68.2;    67.9
2010;7;9017;8997;8487;8441;530;556;     5.9;     6.2;3397;3417;    72.6;    72.5;    68.4;    68.0
2010;8;8993;8989;8476;8439;517;551;     5.7;     6.1;3424;3428;    72.4;    72.4;    68.3;    68.0
2010;9;8975;8985;8436;8443;539;542;     6.0;     6.0;3446;3436;    72.3;    72.3;    67.9;    68.0
2010;10;8985;8990;8455;8453;530;537;     5.9;     6.0;3439;3435;    72.3;    72.4;    68.1;    68.0
2010;11;9006;8997;8471;8463;535;534;     5.9;     5.9;3422;3430;    72.5;    72.4;    68.2;    68.1
2010;12;8975;8997;8470;8466;506;531;     5.6;     5.9;3456;3435;    72.2;    72.4;    68.1;    68.1
2011;1;8943;8971;8394;8446;549;525;     6.1;     5.8;3491;3464;    71.9;    72.1;    67.5;    67.9
2011;2;8975;8972;8417;8445;559;527;     6.2;     5.9;3462;3466;    72.2;    72.1;    67.7;    67.9
2011;3;8939;8937;8399;8423;540;514;     6.0;     5.7;3502;3504;    71.9;    71.8;    67.5;    67.7
2011;4;8920;8935;8396;8421;523;514;     5.9;     5.8;3525;3509;    71.7;    71.8;    67.5;    67.7
2011;5;8941;8930;8414;8408;527;522;     5.9;     5.8;3506;3518;    71.8;    71.7;    67.6;    67.5
2011;6;8972;8949;8469;8436;503;513;     5.6;     5.7;3478;3501;    72.1;    71.9;    68.0;    67.8
2011;7;8976;8949;8459;8414;518;535;     5.8;     6.0;3477;3505;    72.1;    71.9;    67.9;    67.6
2011;8;8978;8968;8469;8429;509;539;     5.7;     6.0;3479;3489;    72.1;    72.0;    68.0;    67.7
2011;9;9017;9016;8455;8456;562;559;     6.2;     6.2;3444;3445;    72.4;    72.4;    67.9;    67.9
2011;10;9042;9044;8464;8465;578;579;     6.4;     6.4;3422;3419;    72.5;    72.6;    67.9;    67.9
2011;11;9083;9071;8486;8476;597;595;     6.6;     6.6;3383;3395;    72.9;    72.8;    68.1;    68.0
2011;12;9064;9084;8504;8497;560;588;     6.2;     6.5;3406;3386;    72.7;    72.8;    68.2;    68.1
2012;1;9051;9082;8432;8487;620;595;     6.8;     6.6;3426;3396;    72.5;    72.8;    67.6;    68.0
2012;2;9075;9075;8462;8489;614;586;     6.8;     6.5;3413;3414;    72.7;    72.7;    67.8;    68.0
2012;3;9075;9075;8457;8481;619;593;     6.8;     6.5;3425;3426;    72.6;    72.6;    67.7;    67.8
2012;4;9077;9095;8449;8478;627;618;     6.9;     6.8;3435;3417;    72.5;    72.7;    67.5;    67.8
2012;5;9107;9103;8501;8494;606;609;     6.7;     6.7;3416;3420;    72.7;    72.7;    67.9;    67.8
2012;6;9118;9102;8526;8493;592;609;     6.5;     6.7;3417;3433;    72.7;    72.6;    68.0;    67.8
2012;7;9131;9107;8524;8484;607;623;     6.6;     6.8;3415;3439;    72.8;    72.6;    67.9;    67.6
2012;8;9144;9135;8559;8515;585;620;     6.4;     6.8;3414;3423;    72.8;    72.7;    68.2;    67.8
2012;9;9157;9152;8517;8518;640;634;     7.0;     6.9;3413;3417;    72.9;    72.8;    67.8;    67.8
2012;10;9157;9159;8512;8515;645;644;     7.0;     7.0;3424;3422;    72.8;    72.8;    67.7;    67.7
2012;11;9169;9155;8511;8500;658;655;     7.2;     7.2;3423;3437;    72.8;    72.7;    67.6;    67.5
2012;12;9150;9168;8499;8491;652;676;     7.1;     7.4;3454;3436;    72.6;    72.7;    67.4;    67.4
2013;1;9131;9164;8414;8472;717;692;     7.8;     7.5;3481;3448;    72.4;    72.7;    66.7;    67.2
2013;2;9170;9168;8433;8461;736;707;     8.0;     7.7;3447;3449;    72.7;    72.7;    66.8;    67.1
2013;3;9186;9185;8433;8457;753;728;     8.2;     7.9;3435;3436;    72.8;    72.8;    66.8;    67.0
2013;4;9160;9180;8414;8446;746;734;     8.1;     8.0;3466;3446;    72.6;    72.7;    66.6;    66.9
2013;5;9186;9179;8440;8432;746;747;     8.1;     8.1;3445;3452;    72.7;    72.7;    66.8;    66.8
2013;6;9201;9189;8453;8423;748;766;     8.1;     8.3;3434;3446;    72.8;    72.7;    66.9;    66.7
2013;7;9208;9190;8445;8408;763;782;     8.3;     8.5;3432;3450;    72.9;    72.7;    66.8;    66.5
2013;8;9202;9195;8457;8412;745;783;     8.1;     8.5;3442;3449;    72.8;    72.7;    66.9;    66.5
2013;9;9212;9208;8427;8425;785;783;     8.5;     8.5;3437;3441;    72.8;    72.8;    66.6;    66.6
2013;10;9222;9222;8441;8440;781;782;     8.5;     8.5;3432;3432;    72.9;    72.9;    66.7;    66.7
2013;11;9216;9205;8445;8433;771;772;     8.4;     8.4;3443;3453;    72.8;    72.7;    66.7;    66.6
2013;12;9147;9170;8394;8391;753;779;     8.2;     8.5;3516;3493;    72.2;    72.4;    66.3;    66.3
2014;1;9130;9166;8321;8380;809;786;     8.9;     8.6;3535;3500;    72.1;    72.4;    65.7;    66.2
2014;2;9164;9166;8335;8366;828;800;     9.0;     8.7;3502;3499;    72.4;    72.4;    65.8;    66.1
2014;3;9119;9127;8305;8333;815;794;     8.9;     8.7;3546;3538;    72.0;    72.1;    65.6;    65.8
2014;4;9113;9129;8314;8342;799;787;     8.8;     8.6;3552;3536;    72.0;    72.1;    65.6;    65.9
2014;5;9150;9136;8376;8362;775;775;     8.5;     8.5;3515;3529;    72.2;    72.1;    66.1;    66.0
2014;6;9127;9117;8389;8360;738;757;     8.1;     8.3;3538;3547;    72.1;    72.0;    66.2;    66.0
2014;7;9147;9122;8418;8376;730;746;     8.0;     8.2;3517;3542;    72.2;    72.0;    66.5;    66.1
2014;8;9141;9128;8438;8390;703;738;     7.7;     8.1;3523;3536;    72.2;    72.1;    66.6;    66.2
2014;9;9134;9128;8396;8395;738;733;     8.1;     8.0;3530;3536;    72.1;    72.1;    66.3;    66.3
2014;10;9176;9164;8435;8426;742;738;     8.1;     8.1;3488;3500;    72.5;    72.4;    66.6;    66.5
2014;11;9187;9171;8444;8429;743;742;     8.1;     8.1;3477;3493;    72.5;    72.4;    66.7;    66.6
2014;12;9150;9174;8420;8421;730;753;     8.0;     8.2;3514;3490;    72.3;    72.4;    66.5;    66.5
2015;1;9168;9195;8380;8435;788;760;     8.6;     8.3;3497;3471;    72.4;    72.6;    66.2;    66.6
2015;2;9179;9184;8406;8437;773;747;     8.4;     8.1;3490;3485;    72.5;    72.5;    66.3;    66.6
2015;3;9170;9178;8400;8433;770;745;     8.4;     8.1;3503;3495;    72.4;    72.4;    66.3;    66.5
2015;4;9168;9185;8414;8442;754;743;     8.2;     8.1;3508;3491;    72.3;    72.5;    66.4;    66.6
2015;5;9199;9187;8468;8455;731;732;     8.0;     8.0;3481;3493;    72.5;    72.5;    66.8;    66.7
2015;6;9192;9186;8488;8462;704;725;     7.7;     7.9;3491;3497;    72.5;    72.4;    66.9;    66.7
2015;7;9194;9175;8506;8467;688;708;     7.5;     7.7;3493;3512;    72.5;    72.3;    67.0;    66.7
2015;8;9193;9182;8522;8475;671;708;     7.3;     7.7;3498;3508;    72.4;    72.4;    67.1;    66.8
2015;9;9185;9181;8469;8469;717;712;     7.8;     7.8;3509;3513;    72.4;    72.3;    66.7;    66.7
2015;10;9204;9191;8479;8470;725;722;     7.9;     7.9;3494;3507;    72.5;    72.4;    66.8;    66.7
2015;11;9183;9172;8485;8469;698;703;     7.6;     7.7;3519;3529;    72.3;    72.2;    66.8;    66.7
2015;12;9147;9174;8476;8479;671;695;     7.3;     7.6;3558;3531;    72.0;    72.2;    66.7;    66.7
2016;1;9142;9167;8432;8487;710;680;     7.8;     7.4;3570;3545;    71.9;    72.1;    66.3;    66.8
2016;2;9181;9180;8462;8492;718;688;     7.8;     7.5;3541;3542;    72.2;    72.2;    66.5;    66.8
2016;3;9177;9186;8472;8506;705;680;     7.7;     7.4;3555;3546;    72.1;    72.1;    66.5;    66.8
2016;4;9209;9218;8515;8539;695;679;     7.5;     7.4;3533;3525;    72.3;    72.3;    66.8;    67.0
2016;5;9218;9210;8553;8542;665;668;     7.2;     7.2;3534;3543;    72.3;    72.2;    67.1;    67.0
2016;6;9221;9215;8587;8559;634;656;     6.9;     7.1;3542;3547;    72.2;    72.2;    67.3;    67.1
2016;7;9245;9228;8622;8580;623;648;     6.7;     7.0;3528;3545;    72.4;    72.2;    67.5;    67.2
2016;8;9239;9227;8647;8599;591;628;     6.4;     6.8;3545;3556;    72.3;    72.2;    67.6;    67.3
2016;9;9236;9231;8615;8615;621;617;     6.7;     6.7;3558;3562;    72.2;    72.2;    67.3;    67.3
2016;10;9254;9239;8637;8629;617;609;     6.7;     6.6;3550;3565;    72.3;    72.2;    67.5;    67.4
2016;11;9245;9239;8643;8632;602;607;     6.5;     6.6;3569;3575;    72.1;    72.1;    67.5;    67.4
2016;12;9218;9243;8652;8653;566;590;     6.1;     6.4;3606;3581;    71.9;    72.1;    67.5;    67.5
2017;1;9237;9264;8620;8676;618;588;     6.7;     6.4;3595;3569;    72.0;    72.2;    67.2;    67.6
2017;2;9246;9251;8634;8669;612;582;     6.6;     6.3;3593;3589;    72.0;    72.1;    67.2;    67.5
2017;3;9263;9267;8666;8696;597;571;     6.4;     6.2;3584;3579;    72.1;    72.1;    67.5;    67.7
2017;4;9258;9268;8678;8705;580;563;     6.3;     6.1;3595;3585;    72.0;    72.1;    67.5;    67.7
2017;5;9284;9276;8720;8712;564;564;     6.1;     6.1;3576;3584;    72.2;    72.1;    67.8;    67.7
2017;6;9291;9283;8758;8729;532;555;     5.7;     6.0;3576;3583;    72.2;    72.2;    68.1;    67.8
2017;7;9322;9302;8802;8758;520;544;     5.6;     5.9;3551;3572;    72.4;    72.3;    68.4;    68.0
2017;8;9316;9307;8820;8773;496;534;     5.3;     5.7;3564;3573;    72.3;    72.3;    68.5;    68.1
2017;9;9324;9319;8791;8790;533;529;     5.7;     5.7;3563;3568;    72.3;    72.3;    68.2;    68.2
2017;10;9319;9309;8805;8799;515;511;     5.5;     5.5;3575;3584;    72.3;    72.2;    68.3;    68.2
2017;11;9328;9321;8827;8816;501;504;     5.4;     5.4;3573;3580;    72.3;    72.3;    68.4;    68.3
2017;12;9293;9320;8814;8817;479;503;     5.2;     5.4;3615;3588;    72.0;    72.2;    68.3;    68.3
2018;1;9308;9332;8792;8845;515;487;     5.5;     5.2;3606;3581;    72.1;    72.3;    68.1;    68.5
2018;2;9320;9328;8816;8853;504;474;     5.4;     5.1;3597;3590;    72.2;    72.2;    68.3;    68.5
2018;3;9341;9343;8849;8878;491;465;     5.3;     5.0;3581;3578;    72.3;    72.3;    68.5;    68.7
2018;4;9340;9353;8861;8890;479;463;     5.1;     4.9;3585;3573;    72.3;    72.4;    68.6;    68.8
2018;5;9382;9372;8921;8912;461;460;     4.9;     4.9;3548;3558;    72.6;    72.5;    69.0;    68.9
2018;6;9402;9391;8956;8927;446;463;     4.7;     4.9;3532;3544;    72.7;    72.6;    69.2;    69.0
2018;7;9419;9398;8986;8941;433;458;     4.6;     4.9;3519;3540;    72.8;    72.6;    69.4;    69.1
2018;8;9451;9434;9022;8971;429;463;     4.5;     4.9;3492;3509;    73.0;    72.9;    69.7;    69.3
2018;9;9446;9443;8992;8992;454;451;     4.8;     4.8;3501;3504;    73.0;    72.9;    69.5;    69.4
2018;10;9453;9444;9005;9000;448;444;     4.7;     4.7;3498;3507;    73.0;    72.9;    69.5;    69.5
2018;11;9472;9463;9044;9030;429;433;     4.5;     4.6;3483;3492;    73.1;    73.0;    69.8;    69.7
2018;12;9444;9470;9028;9033;416;437;     4.4;     4.6;3516;3490;    72.9;    73.1;    69.7;    69.7
2019;1;9470;9493;9004;9056;466;437;     4.9;     4.6;3497;3474;    73.0;    73.2;    69.4;    69.8
2019;2;9479;9490;9035;9071;444;419;     4.7;     4.4;3497;3486;    73.1;    73.1;    69.6;    69.9
2019;3;9491;9497;9051;9081;440;416;     4.6;     4.4;3493;3487;    73.1;    73.1;    69.7;    69.9
2019;4;9482;9498;9059;9089;423;409;     4.5;     4.3;3511;3495;    73.0;    73.1;    69.7;    70.0
2019;5;9522;9512;9110;9102;412;411;     4.3;     4.3;3480;3490;    73.2;    73.2;    70.1;    70.0
2019;6;9554;9539;9144;9116;410;423;     4.3;     4.4;3457;3472;    73.4;    73.3;    70.3;    70.1
2019;7;9558;9541;9159;9117;399;424;     4.2;     4.4;3462;3479;    73.4;    73.3;    70.3;    70.0
2019;8;9571;9553;9169;9121;402;432;     4.2;     4.5;3458;3476;    73.5;    73.3;    70.4;    70.0
2019;9;9574;9571;9139;9139;434;432;     4.5;     4.5;3464;3467;    73.4;    73.4;    70.1;    70.1
2019;10;9600;9592;9164;9160;436;432;     4.5;     4.5;3446;3455;    73.6;    73.5;    70.2;    70.2
2019;11;9603;9593;9173;9159;430;434;     4.5;     4.5;3453;3462;    73.6;    73.5;    70.3;    70.2
2019;12;9576;9603;9194;9194;382;409;     4.0;     4.3;3488;3461;    73.3;    73.5;    70.4;    70.4
2020;1;9591;9615;9176;9226;415;390;     4.3;     4.1;3479;3456;    73.4;    73.6;    70.2;    70.6
2020;2;9591;9606;9185;9224;406;383;     4.2;     4.0;3484;3469;    73.4;    73.5;    70.2;    70.5
2020;3;9571;9581;9161;9193;410;388;     4.3;     4.1;3508;3499;    73.2;    73.3;    70.0;    70.3
2020;4;9457;9475;9018;9047;439;427;     4.6;     4.5;3626;3609;    72.3;    72.4;    68.9;    69.2
2020;5;9482;9474;9045;9035;437;439;     4.6;     4.6;3606;3614;    72.4;    72.4;    69.1;    69.0
2020;6;9595;9575;9091;9062;504;513;     5.3;     5.4;3497;3517;    73.3;    73.1;    69.4;    69.2
2020;7;9614;9596;9109;9064;505;532;     5.3;     5.5;3482;3500;    73.4;    73.3;    69.6;    69.2
2020;8;9620;9607;9120;9074;500;533;     5.2;     5.5;3481;3493;    73.4;    73.3;    69.6;    69.3
2020;9;9591;9591;9072;9072;519;519;     5.4;     5.4;3514;3514;    73.2;    73.2;    69.2;    69.2
2020;10;9636;9621;9121;9111;516;509;     5.3;     5.3;3473;3489;    73.5;    73.4;    69.6;    69.5
2020;11;9630;9624;9153;9139;477;485;     5.0;     5.0;3484;3490;    73.4;    73.4;    69.8;    69.7
2020;12;9591;9619;9142;9143;449;476;     4.7;     4.9;3527;3498;    73.1;    73.3;    69.7;    69.7
2021;1;9589;9613;9122;9164;467;448;     4.9;     4.7;3555;3532;    73.0;    73.1;    69.4;    69.7
2021;2;9627;9638;9153;9188;474;450;     4.9;     4.7;3521;3510;    73.2;    73.3;    69.6;    69.9
2021;3;9584;9604;9131;9165;453;439;     4.7;     4.6;3565;3545;    72.9;    73.0;    69.4;    69.7
2021;4;9576;9598;9142;9171;434;427;     4.5;     4.5;3566;3544;    72.9;    73.0;    69.6;    69.8
2021;5;9600;9597;9187;9177;413;419;     4.3;     4.4;3540;3542;    73.1;    73.0;    69.9;    69.8
2021;6;9679;9650;9276;9245;403;405;     4.2;     4.2;3456;3485;    73.7;    73.5;    70.6;    70.4
2021;7;9677;9657;9305;9264;372;393;     3.8;     4.1;3454;3475;    73.7;    73.5;    70.9;    70.5
2021;8;9706;9684;9319;9277;387;406;     4.0;     4.2;3422;3445;    73.9;    73.8;    71.0;    70.7
2021;9;9706;9704;9302;9305;403;399;     4.2;     4.1;3435;3437;    73.9;    73.8;    70.8;    70.8
2021;10;9739;9718;9346;9336;393;382;     4.0;     3.9;3395;3416;    74.1;    74.0;    71.2;    71.1
2021;11;9742;9735;9389;9376;352;359;     3.6;     3.7;3429;3435;    74.0;    73.9;    71.3;    71.2
2021;12;9723;9749;9374;9380;349;369;     3.6;     3.8;3454;3428;    73.8;    74.0;    71.1;    71.2
2022;1;9741;9768;9372;9415;369;354;     3.8;     3.6;3434;3406;    73.9;    74.1;    71.1;    71.5
2022;2;9754;9766;9394;9430;360;336;     3.7;     3.4;3422;3409;    74.0;    74.1;    71.3;    71.6
2022;3;9801;9817;9459;9490;342;327;     3.5;     3.3;3379;3363;    74.4;    74.5;    71.8;    72.0
2022;4;9823;9844;9501;9528;321;316;     3.3;     3.2;3369;3347;    74.5;    74.6;    72.0;    72.2
2022;5;9877;9873;9559;9551;318;323;     3.2;     3.3;3335;3339;    74.8;    74.7;    72.3;    72.3
2022;6;9911;9882;9566;9543;344;339;     3.5;     3.4;3314;3342;    74.9;    74.7;    72.3;    72.2
2022;7;9921;9899;9586;9547;335;353;     3.4;     3.6;3308;3330;    75.0;    74.8;    72.5;    72.2
2022;8;9944;9920;9575;9542;369;378;     3.7;     3.8;3289;3312;    75.1;    75.0;    72.4;    72.1
2022;9;9949;9944;9561;9562;389;382;     3.9;     3.8;3305;3310;    75.1;    75.0;    72.1;    72.1
2022;10;9988;9970;9618;9605;370;365;     3.7;     3.7;3289;3307;    75.2;    75.1;    72.4;    72.3
2022;11;10021;10013;9667;9650;353;364;     3.5;     3.6;3270;3278;    75.4;    75.3;    72.7;    72.6
2022;12;10025;10049;9695;9697;330;352;     3.3;     3.5;3276;3253;    75.4;    75.5;    72.9;    72.9
2023;1;10026;10059;9652;9699;374;360;     3.7;     3.6;3277;3245;    75.4;    75.6;    72.6;    72.9
2023;2;10042;10057;9667;9701;375;356;     3.7;     3.5;3265;3250;    75.5;    75.6;    72.6;    72.9
2023;3;10047;10066;9682;9709;366;357;     3.6;     3.5;3267;3249;    75.5;    75.6;    72.7;    72.9
2023;4;10040;10068;9704;9725;336;343;     3.3;     3.4;3267;3239;    75.4;    75.7;    72.9;    73.1
2023;5;10084;10080;9735;9727;349;353;     3.5;     3.5;3226;3231;    75.8;    75.7;    73.1;    73.1
2023;6;10107;10081;9750;9728;356;353;     3.5;     3.5;3209;3234;    75.9;    75.7;    73.2;    73.1
2023;7;10113;10089;9761;9727;352;362;     3.5;     3.6;3204;3228;    75.9;    75.8;    73.3;    73.0
2023;8;10133;10106;9770;9742;363;364;     3.6;     3.6;3185;3211;    76.1;    75.9;    73.4;    73.2
2023;9;10107;10102;9721;9731;386;371;     3.8;     3.7;3230;3235;    75.8;    75.7;    72.9;    73.0
2023;10;10137;10121;9775;9759;361;361;     3.6;     3.6;3221;3237;    75.9;    75.8;    73.2;    73.1
2023;11;10151;10143;9805;9786;347;357;     3.4;     3.5;3217;3225;    75.9;    75.9;    73.3;    73.2
